

-- departments
insert into departments (did, dname) values (1, 'Sales');
insert into departments (did, dname) values (2, 'IT');
insert into departments (did, dname) values (3, 'Compliance');
insert into departments (did, dname) values (4, 'Research');
insert into departments (did, dname) values (5, 'HR');

-- 9 employees per department
insert into employees (ename, did, kind) values ('Derby Pascall', 1, 1);
insert into employees (ename, did, kind) values ('Pedro Durno', 1, 2);
insert into employees (ename, did, kind) values ('Arlen Sackur', 1, 0);
insert into employees (ename, did, kind) values ('Nikolaus Patmore', 1, 1);
insert into employees (ename, did, kind) values ('Cortie Do Rosario', 1, 2);
insert into employees (ename, did, kind) values ('York Althorpe', 1, 0);
insert into employees (ename, did, kind) values ('Morly O''Longain', 1, 1);
insert into employees (ename, did, kind) values ('Shantee O''Dennehy', 1, 2);
insert into employees (ename, did, kind) values ('Brenna Van Der Weedenburg', 1, 0);

insert into employees (ename, did, kind) values ('Pansie Nuzzi', 2, 1);
insert into employees (ename, did, kind) values ('Zebedee Balazs', 2, 2);
insert into employees (ename, did, kind) values ('Charmine Fawley', 2, 0);
insert into employees (ename, did, kind) values ('Dacey Cassell', 2, 1);
insert into employees (ename, did, kind) values ('Celene Hanway', 2, 2);
insert into employees (ename, did, kind) values ('Merrel Heintz', 2, 0);
insert into employees (ename, did, kind) values ('Dun Dorrian', 2, 1);
insert into employees (ename, did, kind) values ('Melisa Spincke', 2, 2);
insert into employees (ename, did, kind) values ('Orren Scamerden', 2, 0);

insert into employees (ename, did, kind) values ('Matias MacGillicuddy', 3, 1);
insert into employees (ename, did, kind) values ('Dannie Inchboard', 3, 2);
insert into employees (ename, did, kind) values ('Culley Byre', 3, 0);
insert into employees (ename, did, kind) values ('Hamlen Vasyunichev', 3, 1);
insert into employees (ename, did, kind) values ('Horace Hearson', 3, 2);
insert into employees (ename, did, kind) values ('Staffard Scadden', 3, 0);
insert into employees (ename, did, kind) values ('Chiarra Tiron', 3, 1);
insert into employees (ename, did, kind) values ('Harwilll Hallam', 3, 2);
insert into employees (ename, did, kind) values ('Timothea de Najera', 3, 0);

insert into employees (ename, did, kind) values ('Mahala Hearsey', 4, 1);
insert into employees (ename, did, kind) values ('Lenka Calbert', 4, 2);
insert into employees (ename, did, kind) values ('Aldus Bourdice', 4, 0);
insert into employees (ename, did, kind) values ('Coral Seyffert', 4, 1);
insert into employees (ename, did, kind) values ('Eloisa L''Homme', 4, 2);
insert into employees (ename, did, kind) values ('Gayle Itzkowicz', 4, 0);
insert into employees (ename, did, kind) values ('Clari O''Sculley', 4, 1);
insert into employees (ename, did, kind) values ('Ashlan Vakhrushin', 4, 2);
insert into employees (ename, did, kind) values ('Torrance Caldron', 4, 0);

insert into employees (ename, did, kind) values ('Annabella Whelpdale', 5, 1);
insert into employees (ename, did, kind) values ('Afton Lowin', 5, 2);
insert into employees (ename, did, kind) values ('Fanny Rauprich', 5, 0);
insert into employees (ename, did, kind) values ('Maggie Beric', 5, 1);
insert into employees (ename, did, kind) values ('Jorgan Themann', 5, 2);
insert into employees (ename, did, kind) values ('Ainsley Rudolfer', 5, 0);
insert into employees (ename, did, kind) values ('Tracie Cocke', 5, 1);
insert into employees (ename, did, kind) values ('Farly Grigoli', 5, 2);
insert into employees (ename, did, kind) values ('Annelise Chesman', 5, 0);

-- 45 employees contact numbers
insert into eContacts (eid, contact) values (1, 33980044);
insert into eContacts (eid, contact) values (2, 76445972);
insert into eContacts (eid, contact) values (3, 24022667);
insert into eContacts (eid, contact) values (4, 97205304);
insert into eContacts (eid, contact) values (5, 23292282);
insert into eContacts (eid, contact) values (6, 7982687);
insert into eContacts (eid, contact) values (7, 31116299);
insert into eContacts (eid, contact) values (8, 85039743);
insert into eContacts (eid, contact) values (9, 91112950);
insert into eContacts (eid, contact) values (10, 52056382);
insert into eContacts (eid, contact) values (11, 23597189);
insert into eContacts (eid, contact) values (12, 78909644);
insert into eContacts (eid, contact) values (13, 62055991);
insert into eContacts (eid, contact) values (14, 52062289);
insert into eContacts (eid, contact) values (15, 13475514);
insert into eContacts (eid, contact) values (16, 58986690);
insert into eContacts (eid, contact) values (17, 34365298);
insert into eContacts (eid, contact) values (18, 37989509);
insert into eContacts (eid, contact) values (19, 36489251);
insert into eContacts (eid, contact) values (20, 42735430);
insert into eContacts (eid, contact) values (21, 24924635);
insert into eContacts (eid, contact) values (22, 47268202);
insert into eContacts (eid, contact) values (23, 94355978);
insert into eContacts (eid, contact) values (24, 20164834);
insert into eContacts (eid, contact) values (25, 61352315);
insert into eContacts (eid, contact) values (26, 1139435);
insert into eContacts (eid, contact) values (27, 98320479);
insert into eContacts (eid, contact) values (28, 50214817);
insert into eContacts (eid, contact) values (29, 68324297);
insert into eContacts (eid, contact) values (30, 29557771);
insert into eContacts (eid, contact) values (31, 28579326);
insert into eContacts (eid, contact) values (32, 80904471);
insert into eContacts (eid, contact) values (33, 31186906);
insert into eContacts (eid, contact) values (34, 36710456);
insert into eContacts (eid, contact) values (35, 27097702);
insert into eContacts (eid, contact) values (36, 1777851);
insert into eContacts (eid, contact) values (37, 71330684);
insert into eContacts (eid, contact) values (38, 79367151);
insert into eContacts (eid, contact) values (39, 37798837);
insert into eContacts (eid, contact) values (40, 37893413);
insert into eContacts (eid, contact) values (41, 8610527);
insert into eContacts (eid, contact) values (42, 5167678);
insert into eContacts (eid, contact) values (43, 76234691);
insert into eContacts (eid, contact) values (44, 60005160);
insert into eContacts (eid, contact) values (45, 45806136);

-- 5 meetingRooms per department
insert into meetingRooms (room, floor, did, rname) values (1, 1, 1, 'Niger');
insert into meetingRooms (room, floor, did, rname) values (1, 2, 1, 'Kuwait');
insert into meetingRooms (room, floor, did, rname) values (1, 3, 1, 'Czech Republic');
insert into meetingRooms (room, floor, did, rname) values (1, 4, 1, 'Thailand');
insert into meetingRooms (room, floor, did, rname) values (1, 5, 1, 'Poland');

insert into meetingRooms (room, floor, did, rname) values (2, 1, 2, 'Mongolia');
insert into meetingRooms (room, floor, did, rname) values (2, 2, 2, 'Jordan');
insert into meetingRooms (room, floor, did, rname) values (2, 3, 2, 'Indonesia');
insert into meetingRooms (room, floor, did, rname) values (2, 4, 2, 'Brazil');
insert into meetingRooms (room, floor, did, rname) values (2, 5, 2, 'Portugal');

insert into meetingRooms (room, floor, did, rname) values (3, 1, 3, 'Uganda');
insert into meetingRooms (room, floor, did, rname) values (3, 2, 3, 'Palestinian Territory');
insert into meetingRooms (room, floor, did, rname) values (3, 3, 3, 'China');
insert into meetingRooms (room, floor, did, rname) values (3, 4, 3, 'United States');
insert into meetingRooms (room, floor, did, rname) values (3, 5, 3, 'France');

insert into meetingRooms (room, floor, did, rname) values (4, 1, 4, 'Bosnia and Herzegovina');
insert into meetingRooms (room, floor, did, rname) values (4, 2, 4, 'Russia');
insert into meetingRooms (room, floor, did, rname) values (4, 3, 4, 'Swaziland');
insert into meetingRooms (room, floor, did, rname) values (4, 4, 4, 'Nepal');
insert into meetingRooms (room, floor, did, rname) values (4, 5, 4, 'Canada');

insert into meetingRooms (room, floor, did, rname) values (5, 1, 5, 'Papua New Guinea');
insert into meetingRooms (room, floor, did, rname) values (5, 2, 5, 'Finland');
insert into meetingRooms (room, floor, did, rname) values (5, 3, 5, 'Madagascar');
insert into meetingRooms (room, floor, did, rname) values (5, 4, 5, 'North Korea');
insert into meetingRooms (room, floor, did, rname) values (5, 5, 5, 'South Korea');

-- insert sessions
-- past (for contact tracing)
-- 3days ago
insert into sessions (book_id, stime, sdate, room, floor, curr_cap, approve_id, bdate) values (5,'08:00:00', '2021-11-2', 1, 3, 2, 8, '2021-11-1');
insert into session_part (stime, sdate, room, floor, eid) values ('08:00:00', '2021-11-2', 1, 3, 5);
insert into session_part (stime, sdate, room, floor, eid) values ('08:00:00', '2021-11-2', 1, 3, 9);
insert into sessions (book_id, stime, sdate, room, floor, curr_cap, approve_id, bdate) values (5,'09:00:00', '2021-11-2', 1, 3, 2, 8, '2021-11-1');
insert into session_part (stime, sdate, room, floor, eid) values ('09:00:00', '2021-11-2', 1, 3, 5);
insert into session_part (stime, sdate, room, floor, eid) values ('09:00:00', '2021-11-2', 1, 3, 9);    
insert into sessions (book_id, stime, sdate, room, floor, curr_cap, approve_id, bdate) values (5,'10:00:00', '2021-11-2', 1, 3, 2, 8, '2021-11-1');
insert into session_part (stime, sdate, room, floor, eid) values ('10:00:00', '2021-11-2', 1, 3, 5);
insert into session_part (stime, sdate, room, floor, eid) values ('10:00:00', '2021-11-2', 1, 3, 7);  
insert into sessions (book_id, stime, sdate, room, floor, curr_cap, approve_id, bdate) values (5,'14:00:00', '2021-11-2', 1, 3, 2, 8, '2021-11-1');
insert into session_part (stime, sdate, room, floor, eid) values ('14:00:00', '2021-11-2', 1, 3, 5);
insert into session_part (stime, sdate, room, floor, eid) values ('14:00:00', '2021-11-2', 1, 3, 6);     

-- 2 days ago 2 meetings
insert into sessions (book_id, stime, sdate, room, floor, curr_cap, approve_id, bdate) values (1,'11:00:00', '2021-11-3', 1, 2, 2, 8, '2021-11-1');
insert into session_part (stime, sdate, room, floor, eid) values ('11:00:00', '2021-11-3', 1, 2, 1);
insert into session_part (stime, sdate, room, floor, eid) values ('11:00:00', '2021-11-3', 1, 2, 5);
insert into sessions (book_id, stime, sdate, room, floor, curr_cap, approve_id, bdate) values (2,'11:00:00', '2021-11-3', 1, 3, 2, 8, '2021-11-1');
insert into session_part (stime, sdate, room, floor, eid) values ('11:00:00', '2021-11-3', 1, 3, 2);
insert into session_part (stime, sdate, room, floor, eid) values ('11:00:00', '2021-11-3', 1, 3, 3);

-- 1 day ago 3 meetings
insert into sessions (book_id, stime, sdate, room, floor, curr_cap, approve_id, bdate) values (1,'11:00:00', '2021-11-4', 1, 2, 3, 8, '2021-11-1');
insert into session_part (stime, sdate, room, floor, eid) values ('11:00:00', '2021-11-4', 1, 2, 1);
insert into session_part (stime, sdate, room, floor, eid) values ('11:00:00', '2021-11-4', 1, 2, 5);
insert into session_part (stime, sdate, room, floor, eid) values ('11:00:00', '2021-11-4', 1, 2, 6);
insert into sessions (book_id, stime, sdate, room, floor, curr_cap, approve_id, bdate) values (2,'11:00:00', '2021-11-4', 1, 1, 2, 8, '2021-11-1');
insert into session_part (stime, sdate, room, floor, eid) values ('11:00:00', '2021-11-4', 1, 1, 2);
insert into session_part (stime, sdate, room, floor, eid) values ('11:00:00', '2021-11-4', 1, 1, 3);
insert into sessions (book_id, stime, sdate, room, floor, curr_cap, approve_id, bdate) values (4,'11:00:00', '2021-11-4', 1, 3, 2, 8, '2021-11-1');
insert into session_part (stime, sdate, room, floor, eid) values ('11:00:00', '2021-11-4', 1, 3, 4);
insert into session_part (stime, sdate, room, floor, eid) values ('11:00:00', '2021-11-4', 1, 3, 7);



-- future (for deletion)
-- insert into sessions (book_id, stime, sdate, room, floor, approve_id, bdate) values (1,'08:00:00', '2021-12-10', 1, 1, 8, 5, '2021-11-5');
-- insert into sessions (book_id, stime, sdate, room, floor, approve_id, bdate) values (2,'08:00:00', '2021-12-10', 1, 1, 5, 8, '2021-11-5');
-- insert into sessions (book_id, stime, sdate, room, floor, approve_id, bdate) values (4,'08:00:00', '2021-12-10', 1, 1, 8, 5, '2021-11-5');
-- -- not approved
-- insert into sessions (book_id, stime, sdate, room, floor, bdate) values (8,'08:00:00', '2021-12-10', 1, 1, '2021-11-5');
-- insert into sessions (book_id, stime, sdate, room, floor, bdate) values (8,'08:00:00', '2021-12-10', 1, 1, '2021-11-5');
-- insert into sessions (book_id, stime, sdate, room, floor, bdate) values (8,'08:00:00', '2021-12-10', 1, 1, '2021-11-5');
-- insert into sessions (book_id, stime, sdate, room, floor, bdate) values (8,'08:00:00', '2021-12-10', 1, 1, '2021-11-5');    